1500000703;GBR BRLEY CEREAL 8OZ
1500000704;GBR RICE CEREAL 8OZ
1500000775;GBR FRTJUICE 4PK BTL
1500000776;GBR FRTJUICE 4PK BTL
1500000840;GBR GRAD FRUIT TWSTS
1500001211;GBR 2ND FOODS 2.5OZ
1500001212;GBR 2ND FOODS 2.5OZ
1500001213;GBR 2ND FOODS 2.5OZ
1500001214;GBR 2ND FOODS 2.5OZ
1500001215;GBR 2ND FOODS 2.5OZ
1500001217;GBR 2ND FOODS 2.5OZ
1500001231;GBR GRAD LIL'STICKS
1500001232;GBR GRAD LIL'STICKS
1500001233;GBR GRAD LIL'STICKS
1500001241;GBR GRAD DICED CARRT
1500001253;GBR FRUIT JUICE 1QT
1500001362;GBR GRAD CEREAL BARS
1500002071;GBR FRUIT JUICE 1QT
1500002072;GBR FRUIT JUICE 1QT
1500002078;GBR FRUIT JUICE 1QT
1500002084;GBR FRUIT JUICE 1QT
1500002101;GBR FRUIT JUICE 4OZ
1450001164;BIRDSEYE CAULIFLOWER
1480000001;MOTTS APPLESAUCE
1480000004;MOTTS APPLESCE 23OZ
1480000010;MOTTS APPLESAUCE 6PK
1480000023;MOTTS APLSCE CINN 6P
1480051175;CLAMATO REGULAR 16OZ
1480051275;CLAMATO PICANTE 32OZ
1480051324;CLAMATO REGULAR 32OZ
